{"loss_box_reg": 0.7959398031234741, "loss_cls": 0.7092647552490234, "loss_mask": 0.02042713202536106, "loss_rpn_cls": 0.09798820316791534, "loss_rpn_loc": 0.18110914528369904, "lr": 0.0002, "iteration": 879, "total_loss": 1.804729038849473, "_timestamp": 1697890544.3624315, "_runtime": 311.4176514148712, "_step": 43, "_wandb": {"runtime": 308}}